<?xml version="1.0" encoding="UTF-8"?>
<project-private xmlns="http://www.netbeans.org/ns/project-private/1">
    <editor-bookmarks xmlns="http://www.netbeans.org/ns/editor-bookmarks/2" lastBookmarkId="0"/>
    <open-files xmlns="http://www.netbeans.org/ns/projectui-open-files/2">
        <group>
            <file>file:/D:/Khadarnit180%20PROJECTS_IN_EMERTXE%20main%20Car_Black_Box.X/car_black_box_def.c</file>
            <file>file:/D:/Khadarnit180%20PROJECTS_IN_EMERTXE%20main%20Car_Black_Box.X/main.h</file>
            <file>file:/D:/Khadarnit180%20PROJECTS_IN_EMERTXE%20main%20Car_Black_Box.X/adc.c</file>
            <file>file:/D:/Khadarnit180%20PROJECTS_IN_EMERTXE%20main%20Car_Black_Box.X/i2c.h</file>
            <file>file:/D:/Khadarnit180%20PROJECTS_IN_EMERTXE%20main%20Car_Black_Box.X/digital_keypad.h</file>
            <file>file:/D:/Khadarnit180%20PROJECTS_IN_EMERTXE%20main%20Car_Black_Box.X/EEprom.c</file>
            <file>file:/D:/Khadarnit180%20PROJECTS_IN_EMERTXE%20main%20Car_Black_Box.X/clcd.h</file>
            <file>file:/D:/Khadarnit180%20PROJECTS_IN_EMERTXE%20main%20Car_Black_Box.X/main.c</file>
            <file>file:/D:/Khadarnit180%20PROJECTS_IN_EMERTXE%20main%20Car_Black_Box.X/uart.c</file>
            <file>file:/D:/Khadarnit180%20PROJECTS_IN_EMERTXE%20main%20Car_Black_Box.X/timers.h</file>
            <file>file:/D:/Khadarnit180%20PROJECTS_IN_EMERTXE%20main%20Car_Black_Box.X/clcd.c</file>
            <file>file:/D:/Khadarnit180%20PROJECTS_IN_EMERTXE%20main%20Car_Black_Box.X/car_black_box.h</file>
            <file>file:/D:/Khadarnit180%20PROJECTS_IN_EMERTXE%20main%20Car_Black_Box.X/i2c.c</file>
            <file>file:/D:/Khadarnit180%20PROJECTS_IN_EMERTXE%20main%20Car_Black_Box.X/isr.c</file>
            <file>file:/D:/Khadarnit180%20PROJECTS_IN_EMERTXE%20main%20Car_Black_Box.X/ds1307.c</file>
            <file>file:/D:/Khadarnit180%20PROJECTS_IN_EMERTXE%20main%20Car_Black_Box.X/EEprom.h</file>
            <file>file:/D:/Khadarnit180%20PROJECTS_IN_EMERTXE%20main%20Car_Black_Box.X/timers.c</file>
            <file>file:/D:/Khadarnit180%20PROJECTS_IN_EMERTXE%20main%20Car_Black_Box.X/uart.h</file>
            <file>file:/D:/Khadarnit180%20PROJECTS_IN_EMERTXE%20main%20Car_Black_Box.X/ds1307.h</file>
            <file>file:/D:/Khadarnit180%20PROJECTS_IN_EMERTXE%20main%20Car_Black_Box.X/adc.h</file>
        </group>
    </open-files>
</project-private>
